battery_id,cycle,chI,chV,chT,disI,disV,disT,BCt,SOH,RUL
B5,1,1.440146911,4.254681795,23.98873276,1.89440678,3.273522542,32.98083419,1.986195796,99.3097898,219
B5,2,1.416594578,4.159824804,25.66534732,1.829949497,4.038740624,32.25792018,1.986239707,99.31198537,218
B5,3,1.420271538,4.276322906,25.40791046,1.942105355,3.214432808,35.13480064,1.984252163,99.21260814,217
B5,4,1.337679607,4.236696541,27.06975674,2.073577374,3.134528538,32.08298809,1.969236236,98.46181179,216
B5,5,1.263945701,4.142791454,26.47835339,2.049884903,3.729341367,32.48315441,1.974862124,98.74310621,215
B5,6,1.509147537,4.146696396,26.4836474,2.046433079,2.973916338,35.17235864,1.97629893,98.81494648,214
B5,7,1.374813283,4.222430024,25.97710356,1.97078727,3.549098983,33.23022725,1.96569769,98.28488451,213
B5,8,1.427582796,4.186580958,27.24625338,1.890462733,3.518397224,34.42750916,1.959159405,97.95797024,212
B5,9,1.571597725,4.186082667,28.16540978,1.834759476,3.80219845,32.18705347,1.95750731,97.8753655,211
B5,10,1.282632042,4.186542728,28.467759,1.966498249,3.901716639,33.57466059,1.951182097,97.55910486,210
B5,11,1.515973772,4.197220997,27.19033071,1.983574271,3.726270141,28.61973113,1.939811452,96.99057262,209
B5,12,1.521423277,4.204862132,28.40188247,1.888507433,3.95690397,32.6335576,1.945833119,97.29165595,208
B5,13,1.347463961,4.167728299,24.33458593,1.854718303,4.191591826,33.50087906,1.938353398,96.91766989,207
B5,14,1.441043823,4.203974049,24.25269223,1.975348934,3.366318626,30.69706219,1.933983636,96.6991818,206
B5,15,1.338650899,4.177468122,27.46826548,2.095790835,3.931979475,35.76220622,1.929087263,96.45436313,205
B5,16,1.54944412,4.180243537,26.60992232,2.058433872,3.58029588,29.77093438,1.922226585,96.11132927,204
B5,17,1.358166584,4.212071275,27.05896249,1.950986677,3.807205621,31.79556442,1.916556568,95.82782838,203
B5,18,1.326797612,4.186073804,26.67939772,1.894448369,3.572291284,31.63362391,1.911760568,95.58802839,202
B5,19,1.568560438,4.138143741,27.27125134,1.990881871,4.179809936,26.8484573,1.907363801,95.36819004,201
B5,20,1.426717599,4.206902543,27.83236146,2.001998061,4.028407871,31.44353301,1.899663203,94.98316016,200
B5,21,1.453301223,4.198300293,25.35942499,1.897014834,4.023047709,36.12104512,1.892471762,94.6235881,199
B5,22,1.323575448,4.196091041,25.69145477,1.919122401,4.190725908,32.89522806,1.887854396,94.3927198,198
B5,23,1.400528093,4.143534298,26.37948253,2.031405815,3.59569826,33.19798325,1.885954582,94.29772911,197
B5,24,1.510509232,4.187590693,27.96720812,2.171688219,3.491989426,31.51248166,1.883636725,94.18183627,196
B5,25,1.53307256,4.273612829,28.49501327,1.933554162,3.577134927,34.83228892,1.878302042,93.9151021,195
B5,26,1.488976385,4.259123224,29.29586848,2.012276618,3.519909587,33.05639319,1.869038603,93.45193015,194
B5,27,1.490457325,4.204346817,25.91563801,1.923220812,3.458056275,32.31139221,1.871205747,93.56028733,193
B5,28,1.532560364,4.221245992,26.8157382,1.931464906,3.990288209,32.08657179,1.860995593,93.04977966,192
B5,29,1.347172864,4.209193697,28.11992959,1.942732357,3.494793505,30.03976207,1.856526476,92.8263238,191
B5,30,1.411826077,4.243953099,28.16807173,1.957580264,3.134916589,29.57741287,1.857758874,92.88794371,190
B5,31,1.312537539,4.212322663,26.25601096,2.128560385,3.374553319,34.52350453,1.839953082,91.99765408,189
B5,32,1.488058968,4.137660369,27.73792651,2.136396298,3.80128612,31.20722257,1.844025621,92.20128107,188
B5,33,1.380357616,4.257790004,25.88568684,2.11665724,3.22671701,35.55802465,1.83385495,91.6927475,187
B5,34,1.418588859,4.172486588,26.51570725,2.032264134,3.521226118,32.7359391,1.827652015,91.38260077,186
B5,35,1.380061263,4.172183249,24.79529494,1.875896565,3.270142806,30.40269382,1.824341663,91.21708314,185
B5,36,1.696453798,4.251395616,24.33609477,1.948444606,3.37463352,37.01072334,1.825023176,91.2511588,184
B5,37,1.393706584,4.209530798,26.11227011,1.985177284,3.888214864,34.08294304,1.81105817,90.55290851,183
B5,38,1.461083442,4.301688018,25.29198383,1.869313966,3.594338266,32.41297118,1.810498556,90.52492782,182
B5,39,1.443475685,4.101977284,26.62052476,2.017820856,3.636873649,33.2959523,1.809731452,90.48657258,181
B5,40,1.487867523,4.226813008,26.96555825,1.989062434,3.739748061,31.09533539,1.798558349,89.92791745,180
B5,41,1.240560615,4.213346672,26.11037055,2.136461007,3.733458679,33.93443697,1.792094465,89.60472326,179
B5,42,1.317302476,4.120816644,28.72475033,1.908195347,3.651568948,33.71619047,1.786120081,89.30600403,178
B5,43,1.520631816,4.178021304,26.8916448,2.020205296,3.657557763,33.44399043,1.774990524,88.74952621,177
B5,44,1.298157492,4.175273465,28.11249602,2.199686564,3.884136682,36.14216895,1.774375393,88.71876963,176
B5,45,1.532599158,4.215713303,27.21861455,2.068728691,3.536425459,34.55734612,1.76521676,88.26083798,175
B5,46,1.282882862,4.241163204,26.27570497,2.06920878,3.942600339,31.92203604,1.764737525,88.23687623,174
B5,47,1.399374378,4.147247449,27.80707458,1.955710057,4.003197144,33.78743372,1.76439113,88.21955649,173
B5,48,1.276905715,4.252155029,28.76241579,1.950984647,4.020005533,32.21303571,1.769523037,88.47615183,172
B5,49,1.383402076,4.272191639,24.89340435,2.028138061,3.77893726,31.31688061,1.759995714,87.99978569,171
B5,50,1.379758096,4.18283033,25.44080948,1.97462758,3.766283529,32.5070279,1.748094059,87.40470297,170
B5,51,1.455935496,4.210492273,26.17423423,1.894361406,4.008471819,34.14376251,1.739824314,86.99121572,169
B5,52,1.380037231,4.238956867,28.62461966,1.984159528,2.871419898,33.80961415,1.737185183,86.85925917,168
B5,53,1.451060103,4.234660287,26.57911038,2.072557371,3.765098554,33.1357814,1.729987147,86.49935734,167
B5,54,1.436953927,4.210434353,26.65898357,1.947075173,4.009429913,29.53827329,1.732323858,86.6161929,166
B5,55,1.351845715,4.226116618,26.4611983,1.992762463,3.230787418,31.2951489,1.720934162,86.04670809,165
B5,56,1.493397317,4.201671013,24.43071884,1.987627643,3.737456981,34.02141545,1.713891906,85.69459529,164
B5,57,1.463648407,4.161917505,27.30173244,1.911933053,3.826234187,34.93941545,1.713899185,85.69495923,163
B5,58,1.173856567,4.282171889,26.61990935,1.945455645,3.308601755,29.59231608,1.703854364,85.1927182,162
B5,59,1.375917901,4.252937617,28.72542679,1.957236865,3.414331777,33.72974084,1.700981609,85.04908047,161
B5,60,1.441104279,4.103703312,25.52356538,2.149084967,3.312118594,33.11976407,1.709507993,85.47539965,160
B5,61,1.478520448,4.137041265,26.30240921,2.103726658,3.274697424,31.95030651,1.691824435,84.59122173,159
B5,62,1.464606141,4.163167126,26.8155373,2.41122566,3.790852506,36.33468971,1.696293715,84.81468575,158
B5,63,1.593519769,4.244255769,27.74163753,2.109702809,3.337916964,31.75631425,1.682917989,84.14589944,157
B5,64,1.464721647,4.196757534,25.87502869,1.978951479,3.246460452,31.88843503,1.672080389,83.60401944,156
B5,65,1.365621235,4.225429685,28.03979403,2.182544484,3.43246432,32.9614916,1.673807406,83.6903703,155
B5,66,1.460467251,4.248435599,25.00882319,2.003307957,3.692843049,35.33668571,1.671659331,83.58296654,154
B5,67,1.236166085,4.236180265,24.43990796,1.959966655,3.300284033,30.28552261,1.666378096,83.31890481,153
B5,68,1.194636105,4.237718349,29.24226276,2.034312724,3.80860101,34.76319382,1.664318267,83.21591333,152
B5,69,1.279739441,4.219000198,27.65454536,2.041537425,3.449153178,32.23017374,1.655907298,82.79536491,151
B5,70,1.456999052,4.257963377,27.09615108,1.980333715,3.534192734,35.11237916,1.64419517,82.2097585,150
B5,71,1.427745688,4.145481337,28.48962209,1.966993084,3.708155301,37.05507936,1.638189737,81.90948683,149
B5,72,1.382307417,4.216101485,25.92396314,2.110222949,3.861252915,35.42170751,1.641676322,82.08381608,148
B5,73,1.466504442,4.207183385,25.80449135,2.021755241,3.70848549,33.39778134,1.637427453,81.87137264,147
B5,74,1.343032639,4.134895473,25.92519024,2.092420792,3.819288545,33.10218304,1.633662095,81.68310473,146
B5,75,1.521503574,4.143978906,26.5586773,1.757137309,3.513587913,30.98216591,1.628592069,81.42960344,145
B5,76,1.37970398,4.207424801,26.81005178,2.172410832,3.361056428,32.35129164,1.619070394,80.9535197,144
B5,77,1.340887383,4.229888321,24.38010734,2.072055624,3.311495685,33.41456135,1.618851425,80.94257125,143
B5,78,1.465078891,4.261812968,26.02135849,1.989926566,3.430514855,32.94930128,1.620955731,81.04778654,142
B5,79,1.380773924,4.193526944,28.09978114,2.070659373,3.375176158,34.4652124,1.606491194,80.32455972,141
B5,80,1.404773873,4.141877971,26.56587322,1.923004312,3.474176822,30.94640513,1.599773373,79.98866865,140
B5,81,1.29950395,4.248125947,26.02881901,1.90508892,3.543949366,29.84893756,1.598415421,79.92077105,139
B5,82,1.438420352,4.213752524,27.39549244,2.016779071,3.04444932,34.23273549,1.594742511,79.73712556,138
B5,83,1.406119616,4.192287454,25.36627085,2.132493585,3.116678932,34.77628102,1.59030425,79.51521249,137
B5,84,1.36256189,4.216551148,25.95367231,2.035841609,3.597764468,32.30125979,1.578022871,78.90114355,136
B5,85,1.255467227,4.103013841,26.50899642,1.89823211,3.499829106,32.98950953,1.573998491,78.69992457,135
B5,86,1.294353169,4.196282251,29.66815169,1.806710737,3.500287375,33.75223089,1.571679578,78.58397892,134
B5,87,1.605071787,4.279116719,28.30165937,1.984064143,3.129796759,31.92048919,1.568965706,78.4482853,133
B5,88,1.654550308,4.274550352,27.67848176,1.954016854,3.654486391,36.23298645,1.56204201,78.10210048,132
B5,89,1.302804229,4.293642843,24.02817107,2.060232592,3.527463186,34.38615623,1.559397172,77.96985862,131
B5,90,1.255461171,4.221716481,27.63015021,1.984856004,3.643743706,32.45300402,1.549863314,77.4931657,130
B5,91,1.463045436,4.200499403,26.22564368,2.173725322,2.749690397,34.53381352,1.544385813,77.21929063,129
B5,92,1.315395964,4.110552191,25.35075321,2.016045025,3.688326082,31.46226016,1.540295569,77.01477846,128
B5,93,1.329078587,4.235428219,29.93815011,1.881577664,3.577912526,33.3336796,1.537030656,76.85153281,127
B5,94,1.514202203,4.17246238,27.94495465,2.106611585,3.716074968,32.84199412,1.523527779,76.17638896,126
B5,95,1.184842114,4.149871406,28.7661637,2.063772339,3.122441624,33.94373148,1.522824068,76.14120339,125
B5,96,1.470048237,4.180497696,24.07377537,2.010277489,3.495642525,34.57763245,1.521711559,76.08557795,124
B5,97,1.284276973,4.193566093,30.91307694,2.012009696,3.699622137,32.47480526,1.514135325,75.70676626,123
B5,98,1.274000111,4.210852089,26.67832544,2.071294839,3.244196084,32.61366791,1.509117354,75.4558677,122
B5,99,1.40829415,4.195364972,27.50567561,2.004188307,3.506059316,34.38578132,1.507688151,75.38440755,121
B5,100,1.233498838,4.192898698,27.59351812,2.013247758,3.02733867,32.83677523,1.500168308,75.0084154,120
B5,101,1.299194118,4.22958476,26.36359518,1.977336774,3.212881697,33.74080623,1.503339633,75.16698167,119
B5,102,1.510655962,4.195308499,26.52431784,2.012447857,3.504962925,32.35633937,1.494981934,74.74909671,118
B5,103,1.432514313,4.257064754,26.04091213,1.92486111,4.067777263,35.37342513,1.487796854,74.38984268,117
B5,104,1.406594198,4.177971843,27.74093564,1.982066009,3.818547277,32.72778237,1.471283415,73.56417074,116
B5,105,1.416466823,4.249397656,28.36029263,1.974494428,3.41280508,32.74088425,1.474052972,73.70264859,115
B5,106,1.335466309,4.190808657,27.64409643,2.078996755,3.762507003,33.08225952,1.472688417,73.63442083,114
B5,107,1.550542951,4.206795697,25.37116023,2.152926956,3.550602031,34.83013782,1.457996407,72.89982036,113
B5,108,1.314250497,4.106477629,26.84637753,1.986884406,3.734463106,32.58510781,1.462155303,73.10776515,112
B5,109,1.442274293,4.196774312,26.39967488,1.810258364,3.912717101,34.03094791,1.450615494,72.53077471,111
B5,110,1.196193583,4.186156649,26.09091224,1.839403309,3.49661065,33.34004623,1.446235675,72.31178374,110
B5,111,1.603139722,4.264794315,27.77316525,2.189512229,3.556736443,35.89961606,1.449703939,72.48519694,109
B5,112,1.473625795,4.166825472,27.74778081,1.826399024,3.551529286,32.64666569,1.429929429,71.49647144,108
B5,113,1.214288905,4.147332835,27.7849998,2.013686106,2.839564901,35.33197983,1.441146258,72.05731291,107
B5,114,1.202295542,4.221432613,24.45969624,2.074759013,3.321320595,35.02998401,1.431206521,71.56032604,106
B5,115,1.419480717,4.247927628,27.66160399,2.042813164,3.657879978,30.53557434,1.420907424,71.04537119,105
B5,116,1.373919031,4.265362119,25.43337862,2.006852577,3.418912934,30.73910599,1.421856215,71.09281073,104
B5,117,1.350199372,4.199690674,28.01083363,2.010187332,3.252209659,32.66063955,1.419790983,70.98954915,103
B5,118,1.336632377,4.235906877,27.95466253,2.147517416,3.114458478,32.43603051,1.409109155,70.45545775,102
B5,119,1.257733674,4.193368054,26.87459258,1.989780109,3.487624581,33.53271318,1.401182417,70.05912085,101
B5,120,1.37484318,4.200242348,28.01518254,1.917544485,3.506506524,33.75522641,1.404154346,70.20771729,100
B5,121,1.473679296,4.160802914,28.42144847,1.943442589,3.455674538,31.93009512,1.390227434,69.5113717,99
B5,122,1.434753276,4.349176974,27.42323482,2.008340867,3.610742278,33.99749445,1.389866334,69.4933167,98
B5,123,1.540348115,4.222285819,25.57736288,2.094830062,3.261079705,33.69252475,1.379115963,68.95579814,97
B5,124,1.170278585,4.155853918,25.76063068,1.963160756,3.513396694,31.80757056,1.378169859,68.90849296,96
B5,125,1.470671917,4.217991333,27.25044069,2.009850414,2.883967317,31.67985543,1.376565102,68.82825509,95
B5,126,1.483313215,4.174970158,30.06633039,2.071827069,3.634465784,34.64476551,1.368399604,68.41998019,94
B5,127,1.281134195,4.177359012,30.60602419,2.126241605,3.502089965,34.12608271,1.360574968,68.02874839,93
B5,128,1.387410466,4.220685876,26.80844725,1.948826687,3.525298647,37.19213499,1.359910425,67.99552126,92
B5,129,1.427114165,4.174436082,24.80484062,2.146213524,3.748899112,34.12491191,1.350933296,67.54666481,91
B5,130,1.288955299,4.25496193,27.09636966,2.117091197,4.041334557,33.93822862,1.35567947,67.78397351,90
B5,131,1.419846573,4.269938169,25.31789235,2.120796133,3.707003843,33.10866927,1.354020571,67.70102854,89
B5,132,1.291150519,4.190987281,28.03104613,1.925715675,3.535336054,36.70277981,1.341762461,67.08812304,88
B5,133,1.267754324,4.197324088,28.5570661,1.99671913,3.225325777,32.48279086,1.339197513,66.95987566,87
B5,134,1.298868604,4.246162777,27.13172804,1.944379495,3.981450325,30.80264603,1.328898961,66.44494807,86
B5,135,1.420326443,4.185709534,26.32688184,2.033875749,3.369740378,33.4409267,1.332012227,66.60061135,85
B5,136,1.469399043,4.143474548,25.19202144,1.942457727,3.370572579,30.8941997,1.322335317,66.11676586,84
B5,137,1.24074187,4.190949627,27.8137491,1.872350644,3.479024861,31.24230956,1.312108801,65.60544003,83
B5,138,1.333953097,4.220698158,26.38168227,1.828502169,3.336180321,31.6592914,1.304413427,65.22067137,82
B5,139,1.340479439,4.197210353,25.96663215,2.117079029,3.918957364,33.2675548,1.320031096,66.00155478,81
B5,140,1.500339857,4.22162622,29.58138009,2.046244042,3.417182978,31.61153854,1.298847842,64.94239211,80
B5,141,1.294359491,4.248151881,26.30602676,2.061063457,3.354372433,34.09848063,1.302541017,65.12705087,79
B5,142,1.300115861,4.297516721,25.16661328,1.843225215,4.012088146,31.78953448,1.287036599,64.35182993,78
B5,143,1.505397109,4.248690127,26.51119219,2.044339743,3.740784798,32.02629061,1.285848291,64.29241457,77
B5,144,1.486695216,4.176782452,28.12457366,1.99173875,3.430767378,33.99082169,1.288358838,64.41794188,76
B5,145,1.483482599,4.254844685,29.02047693,1.960415145,3.505915945,34.26269767,1.278341302,63.91706511,75
B5,146,1.277013246,4.158657713,28.91457761,1.936845173,3.546055876,34.38476342,1.265431657,63.27158283,74
B5,147,1.509890181,4.245992567,29.42071026,2.007192903,4.192583483,35.93556358,1.262438001,63.12190004,73
B5,148,1.278363915,4.073889279,28.75108455,2.044002835,3.11635207,38.01261256,1.248388444,62.41942219,72
B5,149,1.372581616,4.188325499,22.56530437,2.048274586,3.54444904,34.1314981,1.260509405,63.02547025,71
B5,150,1.288630853,4.273299799,25.75206931,1.893602181,3.305478582,34.88250024,1.257968171,62.89840854,70
B5,151,1.527411863,4.249710575,27.88438339,2.208724815,3.549915419,33.30443553,1.241786869,62.08934346,69
B5,152,1.355073956,4.205085548,26.36100648,2.01782633,3.276032615,31.71281656,1.247611163,62.38055817,68
B5,153,1.488153666,4.176798008,25.30058812,2.039909679,3.376497526,34.31000183,1.232946492,61.64732459,67
B5,154,1.29857575,4.19012341,27.20124951,1.78144508,4.091478059,34.43720378,1.23094849,61.54742449,66
B5,155,1.480773887,4.167779711,26.36671269,2.019154467,2.885424001,30.40709545,1.230397969,61.51989843,65
B5,156,1.466617319,4.22212294,28.80553187,2.032287537,4.000300822,32.23815476,1.220697472,61.03487362,64
B5,157,1.445136993,4.198457855,27.04132207,2.008258281,3.499449515,31.64698023,1.210307713,60.51538564,63
B5,158,1.416889351,4.09930548,28.00882068,2.198178476,3.338215255,33.11206853,1.206620907,60.33104537,62
B5,159,1.372781577,4.231264948,29.72696289,2.07455044,3.49732324,35.13149188,1.205723722,60.28618609,61
B5,160,1.362161457,4.189752224,25.68409855,1.951714984,3.348996435,35.73968657,1.201170708,60.05853542,60
B5,161,1.408550075,4.197739628,25.36764713,2.154596203,3.562826287,32.38550085,1.19190673,59.59533649,59
B5,162,1.402903718,4.193450166,26.85441402,2.054362231,3.959640266,34.42869013,1.190676399,59.53381994,58
B5,163,1.451131142,4.153262579,27.01435319,1.956925646,3.611721595,35.50369465,1.18594935,59.29746751,57
B5,164,1.386077305,4.269594455,27.55198513,2.003470783,3.506657394,37.66976327,1.186091118,59.30455589,56
B5,165,1.164825018,4.255896579,25.86558689,1.873900876,3.450143491,32.63628137,1.169186421,58.45932104,55
B5,166,1.385543745,4.212598445,28.15950997,2.011307643,3.568745904,31.75055483,1.166040887,58.30204437,54
B5,167,1.42959466,4.175313359,27.18802215,1.915175239,3.577873289,29.93558427,1.164178928,58.2089464,53
B5,168,1.317234747,4.138970787,24.63770162,2.062836829,3.191059555,29.97541774,1.156900321,57.84501607,52
B5,169,1.397217556,4.183003609,28.39656683,1.997305615,3.785818172,31.64362837,1.159836813,57.99184064,51
B5,170,1.496795619,4.228176554,25.67836134,2.139811094,3.668657625,32.1195069,1.141941688,57.09708441,50
B5,171,1.494175632,4.178614074,26.46997628,1.99487072,3.812042977,37.21090171,1.151051392,57.55256959,49
B5,172,1.443329696,4.190837627,24.1691283,2.066510736,2.629357466,33.04754954,1.134170483,56.70852415,48
B5,173,1.432966319,4.035077798,27.86008895,2.031257188,3.362677805,30.24514326,1.132599361,56.62996807,47
B5,174,1.526597421,4.138933386,27.72546096,1.837783771,3.784121182,31.9020498,1.133159063,56.65795317,46
B5,175,1.668397279,4.152938174,25.85101075,2.026581021,3.608422194,31.51853621,1.116600705,55.83003523,45
B5,176,1.506118201,4.215183968,24.68839402,2.112330665,3.326117622,31.41389762,1.126206346,56.3103173,44
B5,177,1.404216823,4.186547712,25.29726321,2.004835409,3.968459611,35.40080713,1.115958771,55.79793855,43
B5,178,1.209753578,4.287997317,26.75289024,2.002193694,3.844987834,32.48956576,1.107772304,55.38861521,42
B5,179,1.175990174,4.20661982,26.1005685,2.070917884,3.325158905,32.98267035,1.107533638,55.37668191,41
B5,180,1.482563875,4.200406624,28.52118737,1.89770822,3.135698712,31.68383854,1.100589133,55.02945666,40
B5,181,1.592286549,4.129992022,27.58479517,2.065586355,3.952260329,33.43132541,1.092590899,54.62954497,39
B5,182,1.41578197,4.235559636,27.74768847,1.878092721,4.078397102,33.63134232,1.087456685,54.37283427,38
B5,183,1.364882043,4.256737793,24.57329298,2.019181732,3.680763859,34.67480522,1.087579961,54.37899807,37
B5,184,1.284623171,4.124856543,25.77011065,1.922993156,2.484857027,31.92269728,1.075840076,53.79200379,36
B5,185,1.457505665,4.154770806,29.83351175,2.059388656,3.418077831,35.59963661,1.072454616,53.62273079,35
B5,186,1.402153724,4.169121926,27.79601002,2.037578549,3.27224085,31.59615643,1.076353991,53.81769957,34
B5,187,1.508557383,4.202008574,27.72667313,1.877237968,3.451874591,33.58590642,1.071685228,53.58426138,33
B5,188,1.474442844,4.157370038,27.11896253,2.058626206,3.661583425,34.67068256,1.063512971,53.17564853,32
B5,189,1.375088044,4.142294049,24.94079416,2.126777084,3.311712622,31.28667069,1.059770069,52.98850343,31
B5,190,1.250720073,4.163589623,28.72291748,2.011931965,3.21729875,31.56807386,1.048986955,52.44934775,30
B5,191,1.29849063,4.140318949,27.12892511,1.931592193,3.91574397,31.04802551,1.03639653,51.81982648,29
B5,192,1.43855596,4.268384906,26.61265502,1.998415279,3.291025673,34.67537666,1.04163261,52.08163052,28
B5,193,1.351539751,4.226185891,24.45825152,2.017981409,2.998750827,33.67486395,1.036037796,51.80188982,27
B5,194,1.511739013,4.142656656,26.21729858,1.891111189,3.123519924,30.97626246,1.032668113,51.63340567,26
B5,195,1.432885066,4.27298575,26.09126582,2.156793614,3.491655865,34.97125528,1.02789238,51.39461899,25
B5,196,1.455899063,4.178573492,26.3828572,2.049716092,3.078002775,37.72024306,1.020414934,51.02074668,24
B5,197,1.404553942,4.122428211,28.69291006,2.037198916,3.802050032,31.84799111,1.017738551,50.88692754,23
B5,198,1.392673658,4.207290402,29.19535863,2.137165581,3.072096165,35.33684829,1.015583063,50.77915313,22
B5,199,1.349878982,4.227274401,27.25812729,2.021516489,2.950128158,33.33547075,1.01166618,50.58330899,21
B5,200,1.381593564,4.160371333,28.3492002,1.77245366,3.74500838,30.10320583,1.011095971,50.55479853,20
B5,201,1.45097565,4.185882097,26.07362624,2.019958682,3.212619524,33.45372999,0.997131008,49.85655041,19
B5,202,1.40255056,4.262721334,25.53538542,2.002855538,3.105895417,32.64952256,0.991810349,49.59051745,18
B5,203,1.403375527,4.265886646,27.32748957,2.03513774,3.986491746,32.65814268,0.978428223,48.92141115,17
B5,204,1.334317708,4.218026815,23.5750335,1.794821385,2.750105587,34.7129555,0.979279627,48.96398137,16
B5,205,1.487819722,4.189641432,29.73085952,1.925656467,3.736092557,35.43887379,0.967829715,48.39148576,15
B5,206,1.493345543,4.241394055,24.52405244,2.135747879,3.291712767,31.5010949,0.968216005,48.41080024,14
B5,207,1.475829969,4.241911964,25.55125113,1.995096187,3.675255416,32.76389826,0.96307086,48.15354301,13
B5,208,1.407670913,4.183965788,27.01140782,1.94259547,3.641431113,33.88338482,0.95510218,47.75510899,12
B5,209,1.409341973,4.195344923,26.20372177,2.007944513,3.169788583,34.80296899,0.954664235,47.73321174,11
B5,210,1.530562009,4.211194894,25.35254343,2.030412289,3.88879729,35.16589675,0.955951877,47.79759383,10
B5,211,1.238754419,4.180395833,26.76541627,1.950289842,3.607119255,32.08875994,0.934853764,46.74268822,9
B5,212,1.257414584,4.236801037,27.27414333,1.852753967,3.320007652,33.90376794,0.946003755,47.30018777,8
B5,213,1.388390062,4.245169911,30.48110365,2.106414053,3.2379724,33.74418123,0.931584993,46.57924964,7
B5,214,1.401467831,4.23272179,27.94450664,1.950752873,3.805109568,33.04064706,0.935099248,46.75496238,6
B5,215,1.407153584,4.216359526,27.9490074,2.065013041,3.734671422,32.05433449,0.925349701,46.26748506,5
B5,216,1.342821738,4.216419072,25.49843796,1.960573172,3.178011222,36.35040558,0.919885066,45.99425332,4
B5,217,1.424966831,4.155549713,25.20600162,2.16191621,3.590647499,32.88862126,0.907184545,45.35922726,3
B5,218,1.461633754,4.278277764,28.18025615,2.047031488,3.246454638,31.47852299,0.912027381,45.60136905,2
B5,219,1.214994809,4.217524249,27.16884087,1.760381394,3.623897178,33.314326,0.910944243,45.54721213,1
B5,220,1.365501209,4.234900301,26.31638695,1.935076194,3.734413245,33.64098827,0.898261647,44.91308234,0
B6,1,1.459440757,4.198743573,26.52150672,1.95821031,3.668568869,31.1980803,1.993691739,99.68458697,209
B6,2,1.409572791,4.198196881,23.52926375,2.03074209,3.187173474,34.75071014,1.97944342,98.97217099,208
B6,3,1.38487794,4.252227873,25.11068816,1.991029897,3.561328162,34.57402881,1.988276678,99.41383392,207
B6,4,1.183563692,4.152253594,30.29502147,1.885011411,3.915914978,30.35351002,1.979041641,98.95208206,206
B6,5,1.558688217,4.275418537,25.08833267,2.005307447,3.34039509,34.75475454,1.977044497,98.85222484,205
B6,6,1.260177012,4.210503312,26.90120421,1.835841284,3.105293722,30.56828607,1.968346211,98.41731057,204
B6,7,1.495992946,4.156600916,27.46468515,1.995856953,3.578285421,32.59985162,1.967038086,98.35190428,203
B6,8,1.473151072,4.165171779,29.63787148,2.013194658,3.80461027,32.55421212,1.959446633,97.97233166,202
B6,9,1.502898706,4.142660588,27.83931813,2.134285376,3.880433921,34.46924716,1.950669066,97.53345331,201
B6,10,1.275286658,4.21349124,23.09334783,1.962525865,3.32710211,32.5713278,1.949930895,97.49654475,200
B6,11,1.535312979,4.144390418,26.93117489,2.026144102,3.330419461,31.50035936,1.954325101,97.71625503,199
B6,12,1.332860652,4.25549219,24.35011096,1.88793079,3.395948498,31.5243319,1.947637786,97.38188929,198
B6,13,1.498605055,4.121638504,28.98599864,2.052293313,3.321793028,30.36649661,1.938144268,96.90721339,197
B6,14,1.387480921,4.230198003,28.9437483,2.084751832,3.766926936,33.42713558,1.925800917,96.29004587,196
B6,15,1.343201491,4.200791129,28.63979936,2.035584451,3.623191655,30.77516834,1.929020682,96.45103412,195
B6,16,1.458332587,4.221280191,23.74122095,2.010843267,3.590338415,29.85637453,1.917593696,95.87968478,194
B6,17,1.454934917,4.115476446,28.67586766,2.241457145,3.750527838,31.23678486,1.91718475,95.8592375,193
B6,18,1.398499356,4.236568438,25.45521947,2.001812511,3.570417653,36.83178225,1.911499665,95.57498324,192
B6,19,1.536648246,4.219092014,25.76079595,1.982348493,3.465749447,31.76239503,1.911006535,95.55032677,191
B6,20,1.375353734,4.096404138,24.89589225,1.991672495,3.734397599,33.71342353,1.895964675,94.79823373,190
B6,21,1.398759367,4.223304866,29.06685486,2.073912375,3.327935225,33.22557872,1.900417433,95.02087163,189
B6,22,1.49337117,4.16264743,25.6404263,1.942627507,3.264211323,30.27506742,1.887845904,94.39229522,188
B6,23,1.552898234,4.129087037,25.68109551,1.886497176,3.59963363,29.81648216,1.893699567,94.68497837,187
B6,24,1.282837301,4.157237723,26.41262787,1.948304944,4.122769206,32.82956741,1.882932925,94.14664624,186
B6,25,1.515273607,4.226657613,26.34978484,2.000306709,4.134563694,35.14108596,1.86826027,93.41301352,185
B6,26,1.190097704,4.15326096,24.08135214,2.151140313,3.6881524,34.24992512,1.869621476,93.4810738,184
B6,27,1.583230733,4.137300812,27.69346786,2.058337176,3.428250541,33.31695021,1.859454507,92.97272536,183
B6,28,1.341989222,4.226267203,27.10300765,2.069342082,3.570295372,31.27860433,1.855880325,92.79401626,182
B6,29,1.336647729,4.158578557,28.17634872,2.108678172,2.893522168,33.7347768,1.847827606,92.39138031,181
B6,30,1.335243763,4.192707015,28.62727345,2.08456697,3.120690381,32.29671258,1.846152433,92.30762167,180
B6,31,1.451797555,4.132101527,26.66123948,1.943001597,3.575853909,33.21742177,1.849859784,92.49298922,179
B6,32,1.512854367,4.248179566,26.2912465,1.939627561,3.130621456,33.25290112,1.844661634,92.23308168,178
B6,33,1.312116972,4.214497507,26.45481868,1.881056751,3.393775837,34.40866015,1.828610726,91.43053631,177
B6,34,1.397218684,4.286907141,24.69095666,2.020483186,3.611865949,35.96919904,1.830185447,91.50927236,176
B6,35,1.423089601,4.251259959,24.57491778,2.105538356,3.511085682,29.97887203,1.818588569,90.92942847,175
B6,36,1.422035773,4.156037123,26.28326866,1.848634502,3.206647279,34.1889731,1.821936019,91.09680093,174
B6,37,1.24789041,4.229296321,24.77771389,1.977802015,2.982655714,31.19386205,1.821843646,91.09218231,173
B6,38,1.373575184,4.167084443,28.64316117,2.138138862,3.841595132,35.02615565,1.818857234,90.94286168,172
B6,39,1.468530625,4.166326183,24.74926701,2.04685606,3.385896552,31.31535384,1.809428632,90.47143162,171
B6,40,1.225942804,4.192467411,23.59712219,2.142606201,3.040871104,32.11610985,1.799870992,89.99354962,170
B6,41,1.319769934,4.197225733,26.58010938,1.957915096,3.671982785,36.38650351,1.794018796,89.70093979,169
B6,42,1.155485314,4.215298291,25.89310491,1.990821776,3.299452076,35.06895939,1.789780931,89.48904654,168
B6,43,1.374478314,4.133637793,24.17591289,1.917072657,3.718475546,33.08740384,1.787339092,89.3669546,167
B6,44,1.352918274,4.241980766,25.55627487,2.113728412,3.891483795,32.03276386,1.777522092,88.87610459,166
B6,45,1.502326962,4.260761374,27.0762315,2.067621571,3.074960235,32.57040451,1.777636158,88.88180792,165
B6,46,1.360315182,4.164884408,27.15881946,1.971479867,3.299538273,31.16716662,1.776900784,88.8450392,164
B6,47,1.551385842,4.185163837,28.12059593,1.904820699,3.474862418,31.54381803,1.771827905,88.59139527,163
B6,48,1.215887695,4.204037567,28.355951,1.943641172,3.484006126,28.29024415,1.76227567,88.1137835,162
B6,49,1.259242158,4.295917884,28.58474071,2.013830608,3.31456245,31.97953943,1.754711197,87.73555987,161
B6,50,1.239490028,4.172110296,28.36792078,2.034713727,3.15427674,33.46778995,1.747058754,87.35293771,160
B6,51,1.432568592,4.184053959,29.47597724,2.013644738,3.537842476,35.97508919,1.750413886,87.5206943,159
B6,52,1.587573515,4.173523196,27.42004113,2.033208053,3.716925672,30.56436347,1.736303048,86.8151524,158
B6,53,1.318484235,4.169900989,26.98556027,1.920005421,3.154624497,33.27771622,1.732299673,86.61498365,157
B6,54,1.266308355,4.116116202,25.5734525,1.892915524,3.190183569,30.84146022,1.734783963,86.73919814,156
B6,55,1.242384267,4.144948957,26.26921957,2.114273758,3.16158326,32.15759472,1.722022982,86.10114911,155
B6,56,1.466345572,4.196422996,28.70338164,1.967754751,3.524439537,30.57763644,1.721311068,86.06555341,154
B6,57,1.371881199,4.224549323,28.24629971,2.121548377,3.491622063,32.41234526,1.71664479,85.83223951,153
B6,58,1.382503916,4.120980662,29.2456847,1.983581953,3.972758781,31.04147963,1.704413891,85.22069457,152
B6,59,1.252821718,4.257847951,28.13581202,2.101262058,3.556491098,33.34328675,1.704398375,85.21991873,151
B6,60,1.358081299,4.256792876,27.99593209,2.057786507,3.38122765,35.32242323,1.702668582,85.13342908,150
B6,61,1.291469173,4.223726284,25.14867312,2.001614868,3.566836393,32.0020856,1.682214688,84.11073442,149
B6,62,1.429723914,4.161751703,26.00325662,1.9855501,3.711038677,36.68263922,1.690513841,84.52569203,148
B6,63,1.493558677,4.186211253,29.69276866,2.114695183,3.234854897,34.39786607,1.682652329,84.13261646,147
B6,64,1.365405583,4.199778895,27.35372018,2.01625661,3.222835387,32.69342939,1.692066546,84.6033273,146
B6,65,1.457543323,4.156258279,27.51100103,1.891968935,3.33132468,36.54854366,1.680009809,84.00049044,145
B6,66,1.535283678,4.223495811,28.42618026,1.94593562,3.263479074,31.75750434,1.671664977,83.58324883,144
B6,67,1.374399367,4.19762971,26.99803215,1.880697544,3.73596999,32.36045782,1.664334499,83.21672497,143
B6,68,1.279690895,4.333785441,28.0562344,1.930057389,3.684576851,34.3448602,1.658353051,82.91765256,142
B6,69,1.401653628,4.19269557,26.9189693,1.893814506,3.704193195,28.72306963,1.653933622,82.69668109,141
B6,70,1.28139754,4.17359621,30.00046107,1.977106949,3.177346549,32.32807875,1.658728728,82.9364364,140
B6,71,1.423752871,4.203346963,25.10056843,2.052950784,3.345267386,34.16547188,1.64579424,82.28971201,139
B6,72,1.39734898,4.145829054,25.41127107,1.941279402,3.346117262,31.1193669,1.647784882,82.38924408,138
B6,73,1.553868784,4.214630192,26.39556126,2.032276575,2.844288125,33.87783541,1.633492001,81.67460005,137
B6,74,1.38814083,4.159423282,26.71048275,2.022435665,3.395959243,35.23567816,1.631822708,81.59113541,136
B6,75,1.568814854,4.239806751,28.01090152,1.984596064,3.558015868,31.96984216,1.633886931,81.69434655,135
B6,76,1.440815736,4.176620555,28.01761812,2.208904757,3.594623971,32.2941577,1.62266796,81.13339798,134
B6,77,1.322084743,4.22885232,27.69697642,1.971102868,3.687332706,35.70176173,1.612553734,80.62768672,133
B6,78,1.25620806,4.235056852,28.28293476,2.071575685,3.612053231,31.73033666,1.613447539,80.67237697,132
B6,79,1.446500401,4.136997327,26.24330836,2.04822464,3.337308072,33.15281638,1.603764888,80.18824441,131
B6,80,1.372065263,4.205698003,29.77504593,2.066906519,3.488229552,32.92249495,1.598149197,79.90745985,130
B6,81,1.311581903,4.166150317,26.01786339,1.92296056,3.400135674,30.44801268,1.595804812,79.79024058,129
B6,82,1.368111301,4.211099886,26.02246375,1.989129085,3.845965837,33.58686079,1.591833072,79.59165358,128
B6,83,1.414345967,4.256232675,25.83867261,1.996163544,3.612151947,34.17165297,1.582940244,79.14701222,127
B6,84,1.397025602,4.264174167,24.74349007,2.029816543,3.813357111,33.33424765,1.582638729,79.13193644,126
B6,85,1.516691607,4.178326622,26.84649319,2.07180896,3.774116062,31.99391873,1.578953523,78.94767614,125
B6,86,1.27405623,4.208778893,28.87352924,2.059488011,3.593149941,32.01195902,1.565444291,78.27221455,124
B6,87,1.411851682,4.201462322,25.92371605,2.126467098,3.473472851,33.56445815,1.561920949,78.09604746,123
B6,88,1.262602586,4.140799913,26.50102776,2.107524796,3.65246536,34.82366453,1.55387014,77.69350702,122
B6,89,1.536896715,4.225331918,26.68622078,2.089302277,3.476923347,34.20912277,1.559843504,77.99217518,121
B6,90,1.455841182,4.228497383,26.31376796,2.106628666,4.018575807,32.97785268,1.552316485,77.61582423,120
B6,91,1.291358932,4.162653017,27.36171821,2.060734994,3.179255941,33.03203161,1.540035399,77.00176997,119
B6,92,1.442568414,4.227635823,28.61982785,1.97654723,3.363333533,33.38576095,1.543264027,77.16320137,118
B6,93,1.594096277,4.309846177,27.2688676,1.968572865,3.395768363,34.6225298,1.530011351,76.50056756,117
B6,94,1.333554283,4.187996594,27.0128204,2.079473837,3.450296478,31.53601236,1.534726041,76.73630204,116
B6,95,1.280377516,4.23586287,24.85459667,1.825096678,4.020897514,31.06541206,1.519869538,75.9934769,115
B6,96,1.584248787,4.215460579,27.25243256,2.04859116,3.311951265,30.08992767,1.531918398,76.59591989,114
B6,97,1.522445317,4.180109797,25.16214677,1.801210338,3.751477766,35.72100037,1.518325893,75.91629467,113
B6,98,1.303279805,4.234810042,30.77581974,2.139884217,3.370099278,35.20665783,1.511160545,75.55802724,112
B6,99,1.417203455,4.12865885,26.17961523,2.05698443,3.244691832,32.0959274,1.507076513,75.35382563,111
B6,100,1.340282134,4.159148965,27.23768777,1.972743515,3.54507585,34.2649887,1.50452832,75.22641601,110
B6,101,1.504622698,4.19784889,26.64450869,1.861080711,3.688315211,36.31240911,1.494853061,74.74265304,109
B6,102,1.442701548,4.204014272,29.55620113,1.98780103,3.089285157,29.68975846,1.485945141,74.29725703,108
B6,103,1.497951299,4.210408032,26.80419758,2.289232579,3.445516195,33.62023674,1.486212863,74.31064316,107
B6,104,1.320822366,4.271846932,27.7225111,2.010931178,2.954898643,34.86987067,1.479744973,73.98724867,106
B6,105,1.423883141,4.161889223,26.43626816,1.802170555,3.062215095,30.72835365,1.469736895,73.48684476,105
B6,106,1.485307713,4.255064253,26.40156088,2.065352493,3.358552161,32.28844663,1.465800143,73.29000717,104
B6,107,1.39775197,4.201463011,27.330645,2.191418095,3.756391921,35.0583516,1.472409754,73.62048772,103
B6,108,1.475684601,4.12152665,26.77064887,1.94092735,3.894097387,32.21510171,1.467707218,73.38536088,102
B6,109,1.55986487,4.095767317,26.62717381,2.050751669,2.965601953,32.0976067,1.456322766,72.81613832,101
B6,110,1.376889957,4.155159821,26.4171549,1.906048089,3.790709437,33.974622,1.439642611,71.98213053,100
B6,111,1.328453233,4.277703112,27.96925602,1.90009982,3.107459766,37.08645694,1.456416349,72.82081745,99
B6,112,1.28210763,4.246207412,26.22940641,2.022046256,3.110368418,35.88471845,1.435631922,71.78159612,98
B6,113,1.480865522,4.161982238,25.65645798,2.032361468,3.280635498,31.99181257,1.432188181,71.60940905,97
B6,114,1.605268995,4.35923338,30.48706277,1.931044187,3.454001595,33.61004918,1.427368933,71.36844667,96
B6,115,1.477578285,4.242993709,28.95743533,1.702437931,4.064438536,31.71956507,1.428896799,71.44483995,95
B6,116,1.420092923,4.146246258,27.70682439,1.849622336,3.620461006,32.26817285,1.419710986,70.98554929,94
B6,117,1.452139044,4.112999872,25.51731271,2.233807005,3.366542745,34.7279289,1.409651552,70.48257759,93
B6,118,1.284344853,4.202723903,26.06965098,2.082577399,3.592609108,35.54339059,1.415750011,70.78750054,92
B6,119,1.375082052,4.173450903,27.38568809,1.961008187,3.575101756,32.83104275,1.398971562,69.94857812,91
B6,120,1.000858705,4.319364236,27.77292599,2.02761345,3.238232502,31.6076558,1.398155103,69.90775515,90
B6,121,1.459035659,4.17827561,26.47112908,2.128756931,3.368914352,32.10556361,1.398692963,69.93464813,89
B6,122,1.237217683,4.189930452,28.95454994,2.034022302,3.302592609,32.57678451,1.389319197,69.46595986,88
B6,123,1.442928199,4.13819483,27.79445993,1.980639747,3.696160031,36.88847718,1.388955809,69.44779044,87
B6,124,1.324151736,4.171195989,27.41410327,1.710043526,3.336427775,32.23884961,1.371451188,68.57255939,86
B6,125,1.186304962,4.172050082,25.20730798,2.019085661,3.686786979,30.9670434,1.376066711,68.80333554,85
B6,126,1.32714302,4.227005413,25.41792309,1.936273379,3.930037449,32.00498185,1.373936318,68.69681591,84
B6,127,1.636246465,4.207334116,26.57389595,2.04355106,3.194062169,36.04530028,1.370374031,68.51870155,83
B6,128,1.382540681,4.243008747,25.48813972,2.181571662,3.399092164,34.38703752,1.365055634,68.25278168,82
B6,129,1.409231176,4.160571823,28.22109198,1.978562271,2.924676243,32.96590216,1.351074915,67.55374574,81
B6,130,1.361324618,4.204797159,25.30781947,2.060758082,3.055389946,33.51487412,1.351589948,67.5794974,80
B6,131,1.367665497,4.242165291,28.74370684,1.918973439,3.337669635,34.43201977,1.342840466,67.14202329,79
B6,132,1.455663033,4.236196406,26.92391773,1.956059315,3.461830846,35.42944274,1.341546155,67.07730777,78
B6,133,1.349465667,4.226876838,28.89401069,1.996640929,3.477623222,36.876673,1.336287835,66.81439176,77
B6,134,1.407782895,4.164052916,25.35237939,1.961962448,3.681796096,32.13847014,1.338101462,66.90507308,76
B6,135,1.502851895,4.318645803,23.21367018,1.988587579,3.32602814,32.74686406,1.323708811,66.18544056,75
B6,136,1.330036486,4.161609893,25.54275611,2.132601907,2.992855589,36.38796841,1.325642024,66.28210118,74
B6,137,1.439747606,4.114753685,28.10162778,1.999015174,3.215223634,30.26370088,1.322541879,66.12709394,73
B6,138,1.351535143,4.169392497,25.98280662,2.030787131,3.715241659,31.55635424,1.316474636,65.82373178,72
B6,139,1.459501216,4.262850455,26.6258256,1.974530523,3.446662774,30.79232475,1.303393114,65.16965569,71
B6,140,1.36142475,4.191243012,26.00168154,2.151812854,3.417825077,33.46553137,1.292711227,64.63556135,70
B6,141,1.369414228,4.214451737,25.96991887,2.062727027,4.24245241,35.1992223,1.29934764,64.96738202,69
B6,142,1.593459728,4.237801988,26.60888283,1.955177696,3.281038684,29.39619659,1.29321212,64.66060602,68
B6,143,1.233895469,4.27021343,26.14840972,2.040823743,3.707581269,32.98894025,1.283225135,64.16125677,67
B6,144,1.456546193,4.25764847,28.64547007,1.923426682,3.77311219,34.19782255,1.277947833,63.89739163,66
B6,145,1.324863845,4.217149553,26.45659898,2.205309892,3.704337236,33.31392884,1.273851072,63.69255359,65
B6,146,1.372528226,4.19368808,28.76736329,2.037928154,3.360773299,34.77840941,1.272563593,63.62817965,64
B6,147,1.51611714,4.11769007,27.75985971,1.922509171,3.600015892,31.98958849,1.253907378,62.6953689,63
B6,148,1.275004446,4.248653254,26.54880595,2.075947042,3.47589772,31.23889027,1.26488878,63.24443902,62
B6,149,1.428454842,4.218535761,26.88961171,2.062277592,3.478082136,32.59832248,1.256722319,62.83611597,61
B6,150,1.387645467,4.301317772,26.4297756,1.937886295,3.056625226,32.20529127,1.252846553,62.64232766,60
B6,151,1.099358933,4.191011758,24.98649586,2.012338049,3.231594295,33.51821231,1.248272839,62.41364194,59
B6,152,1.345199149,4.230589503,28.15629407,2.031368082,3.560701222,32.65949633,1.248032961,62.40164805,58
B6,153,1.388260315,4.168170738,27.21509458,2.063167044,3.462869408,31.91360636,1.227998558,61.3999279,57
B6,154,1.337442622,4.172355787,24.47254562,1.922695918,3.423898573,36.61833964,1.224949288,61.24746441,56
B6,155,1.359262438,4.164735573,26.92856975,2.1503037,3.080537863,31.38363558,1.230636019,61.53180097,55
B6,156,1.218130845,4.156871754,26.33686474,2.085838922,3.860441079,35.55312794,1.215424655,60.77123275,54
B6,157,1.406031994,4.256910692,24.89796458,1.959450558,3.930105388,33.93745694,1.213910629,60.69553143,53
B6,158,1.257979946,4.200997407,28.05277565,2.112105383,3.379103123,32.63258831,1.206801001,60.34005003,52
B6,159,1.444095693,4.202609055,26.17999412,1.992930335,3.784132212,33.68932369,1.201311683,60.06558414,51
B6,160,1.39478159,4.255167051,27.27056231,1.954967896,3.604454153,35.61767682,1.191617415,59.58087074,50
B6,161,1.469378199,4.202813977,27.32080224,1.992818223,3.712976267,33.19973554,1.199479841,59.97399204,49
B6,162,1.40310008,4.267283097,26.97852512,2.054646283,3.830839322,31.46492837,1.1881909,59.40954498,48
B6,163,1.436851747,4.19809756,27.83416533,2.116274504,3.633207768,29.77590563,1.186785483,59.33927417,47
B6,164,1.595876501,4.177336627,27.50876619,1.987225544,3.62809591,32.17107548,1.180030226,59.00151132,46
B6,165,1.494334635,4.201166243,27.66072782,1.778757443,3.06780739,34.23919608,1.169301203,58.46506013,45
B6,166,1.455409648,4.26464932,30.18638092,1.96446843,3.557073454,34.35823271,1.173094002,58.65470012,44
B6,167,1.464817762,4.147844984,28.16216643,2.126008287,3.681719897,33.15699631,1.176577267,58.82886336,43
B6,168,1.372694632,4.114980353,26.40825148,1.824941564,3.429468477,34.36350523,1.154505568,57.72527838,42
B6,169,1.453283434,4.236495137,25.29154749,1.964119578,3.606328486,34.79381853,1.161185208,58.0592604,41
B6,170,1.393768516,4.267860865,28.42757361,2.003523828,3.599920322,32.51502686,1.146221434,57.31107172,40
B6,171,1.195716646,4.23249868,25.59694314,2.044117115,3.51431441,31.72430275,1.144332629,57.21663147,39
B6,172,1.379624817,4.119802061,26.83746516,2.005804419,3.288696657,33.42990357,1.141520846,57.07604231,38
B6,173,1.43593576,4.176529446,27.3427601,1.923108423,3.202789451,33.08340632,1.134856919,56.74284596,37
B6,174,1.353926117,4.17730665,27.81757208,2.042614555,3.4883609,31.26078474,1.129066825,56.45334126,36
B6,175,1.375840493,4.17681773,26.43976752,2.025055031,3.949792242,34.88079901,1.129223346,56.46116728,35
B6,176,1.11930607,4.220077358,27.9865438,2.001684331,3.887903153,33.16693258,1.117138813,55.85694067,34
B6,177,1.515667634,4.199035149,25.44829331,2.015986721,3.083932509,31.4332899,1.114301365,55.71506826,33
B6,178,1.390304089,4.231268228,29.83169879,2.089181559,3.775238528,30.66888125,1.106172379,55.30861893,32
B6,179,1.569533266,4.228213388,27.29830392,1.853192326,3.646624264,33.07863829,1.108857779,55.44288895,31
B6,180,1.523353351,4.224757728,25.47708872,1.945480183,3.312472976,31.37826395,1.103574257,55.17871286,30
B6,181,1.388609875,4.261243086,28.27319329,1.924723806,2.882495702,33.23703959,1.092625718,54.63128591,29
B6,182,1.384956096,4.199300465,28.07717864,2.105070492,3.481672318,34.53281877,1.095376811,54.76884054,28
B6,183,1.534837687,4.229469,30.6487628,2.101101372,3.295608568,36.62284221,1.084648773,54.23243864,27
B6,184,1.522806478,4.142812361,26.43245043,1.94573747,3.137244837,31.75877332,1.079503439,53.97517194,26
B6,185,1.300851868,4.254189462,25.42535468,1.998883498,3.329781141,31.648197,1.076503122,53.8251561,25
B6,186,1.419783437,4.269468973,27.90416755,1.957065669,3.873659856,30.33588822,1.064759242,53.23796208,24
B6,187,1.536469716,4.168072854,27.94760339,2.099961012,3.792993152,28.42350347,1.063475682,53.17378411,23
B6,188,1.41983814,4.130763334,27.2741163,1.972276933,3.35219978,32.03947732,1.061142401,53.05712007,22
B6,189,1.476218816,4.205276887,25.58941559,2.027750558,3.9188172,35.28344587,1.055270716,52.76353582,21
B6,190,1.414124795,4.127869721,27.1737803,2.018517483,3.04157326,33.41200103,1.047697642,52.38488209,20
B6,191,1.318369021,4.185693952,27.81634812,1.821317821,3.296626505,33.81032509,1.046349675,52.31748373,19
B6,192,1.468332492,4.200526606,25.61701089,2.082785284,3.838423047,30.80133995,1.031329632,51.5664816,18
B6,193,1.346655767,4.197846089,28.60577071,1.91938695,3.602050478,31.75979654,1.036164618,51.80823089,17
B6,194,1.393518489,4.220123257,25.86202162,2.227136526,3.391691067,33.60702779,1.027042812,51.35214061,16
B6,195,1.374326075,4.229170558,27.29148487,2.1316901,3.56272835,32.69822626,1.027198525,51.35992627,15
B6,196,1.478713695,4.24524101,26.51249189,1.849148944,3.115769891,31.63111031,1.025790229,51.28951143,14
B6,197,1.500792348,4.129103948,26.96371594,2.086104309,3.157568406,33.77293677,1.015393377,50.76966886,13
B6,198,1.421954276,4.088964744,24.08862214,1.847433036,3.111705492,35.43452742,1.009514755,50.47573774,12
B6,199,1.50727774,4.110499949,26.41173629,2.087841031,3.335831293,32.99248159,1.003607593,50.18037967,11
B6,200,1.483067175,4.182486214,26.48072028,1.942663488,3.494287594,33.5436571,0.991762077,49.58810386,10
B6,201,1.611690025,4.224506811,25.47912457,2.031825929,3.811538752,31.84729508,0.999689149,49.98445744,9
B6,202,1.342728412,4.189394845,25.90808851,2.13766608,4.044465874,32.42922216,0.988260246,49.41301229,8
B6,203,1.488208222,4.236946919,25.70328752,1.794796537,3.502549576,31.37988114,0.996181094,49.80905469,7
B6,204,1.299176486,4.116842311,26.80154714,2.036967468,3.953739931,35.8142347,0.988228814,49.41144068,6
B6,205,1.393916533,4.172097661,25.73014175,1.805078979,3.456178143,34.88698448,0.969674177,48.48370885,5
B6,206,1.646951547,4.165814964,27.11582126,1.992529651,3.51116223,36.56220283,0.967160997,48.35804984,4
B6,207,1.392635667,4.167586306,26.50984067,1.935286355,3.479248394,35.53767405,0.961438752,48.0719376,3
B6,208,1.478755002,4.278293406,27.2381674,2.079061342,3.833753927,34.90911103,0.958538223,47.92691117,2
B6,209,1.299965,4.207064159,21.6047843,1.947180317,3.048985331,33.77465252,0.956119829,47.80599147,1
B6,210,1.544600168,4.258727851,29.65967528,1.867483626,3.664770422,28.99202714,0.942195034,47.10975169,0
B7,1,1.326539157,4.214089296,27.5226843,2.109578002,3.47382302,31.85180202,1.99090571,99.54528548,249
B7,2,1.273313639,4.152434628,24.0974399,2.102501836,3.213579025,32.15056068,1.988718094,99.43590468,248
B7,3,1.314348527,4.214932479,29.19567823,2.006944245,2.78211429,33.65002848,1.982429274,99.12146372,247
B7,4,1.348235287,4.195935916,27.91195175,2.120985306,3.601863306,35.64560549,1.979288093,98.96440467,246
B7,5,1.576208083,4.236554583,25.51573991,1.836004609,3.855110611,32.17311434,1.978814754,98.94073771,245
B7,6,1.496391509,4.273995383,25.57347875,2.101865874,3.871788934,34.10383809,1.970679679,98.53398396,244
B7,7,1.385894074,4.208372605,25.96329478,1.862379056,3.025181621,34.80968738,1.968423194,98.42115968,243
B7,8,1.388426955,4.245736395,26.89573642,2.001222689,3.541802768,35.87227471,1.955200046,97.7600023,242
B7,9,1.460261656,4.13435992,27.23620899,1.830704856,3.96906577,32.71496857,1.964102198,98.20510992,241
B7,10,1.402270954,4.268647021,23.98133801,2.191008994,3.443113535,31.77915242,1.9480006,97.40002999,240
B7,11,1.4482433,4.196925491,27.71130139,1.929501661,3.356482303,34.34550517,1.945837105,97.29185523,239
B7,12,1.350623585,4.191279759,28.32930263,2.02109437,3.600527936,31.99171532,1.946936529,97.34682645,238
B7,13,1.435814588,4.25063682,26.28874418,1.956311583,3.17188066,33.98834755,1.940675772,97.03378862,237
B7,14,1.406449186,4.168531651,26.88958748,2.032460596,2.897310836,33.33818093,1.932369738,96.6184869,236
B7,15,1.462842029,4.161711576,27.29589435,2.322381526,3.22497708,30.36952649,1.937493209,96.87466043,235
B7,16,1.54002977,4.220959127,29.45459508,1.947693375,3.016258078,31.5490777,1.912181073,95.60905367,234
B7,17,1.227482739,4.203535274,25.33636803,1.848490036,3.269145985,32.83421315,1.913921126,95.69605632,233
B7,18,1.283855999,4.142182825,26.29065813,2.153033843,3.218057132,31.48733013,1.911369721,95.56848603,232
B7,19,1.267458254,4.196182938,25.67369413,2.171279514,2.987947441,34.88904096,1.902656676,95.13283379,231
B7,20,1.531062384,4.189202205,25.72047528,2.094307445,3.192907517,31.26494771,1.900646653,95.03233265,230
B7,21,1.397704751,4.223319269,28.38421149,2.067754531,3.711619697,35.13367479,1.895444876,94.77224382,229
B7,22,1.412504715,4.087631981,27.10841708,1.945181764,3.320732403,31.89551513,1.891561255,94.57806273,228
B7,23,1.427718156,4.216782293,26.25349098,2.058877514,3.218367626,32.7785446,1.879094472,93.9547236,227
B7,24,1.314092535,4.216904782,27.14940634,2.030866313,2.994891557,33.77933051,1.883737912,94.18689558,226
B7,25,1.427327248,4.248415664,25.54696252,1.995423349,3.912271316,29.37790219,1.871560146,93.5780073,225
B7,26,1.388224493,4.190360882,25.05167936,2.048275614,3.826993933,33.38094887,1.871617018,93.58085088,224
B7,27,1.366208296,4.181991189,26.97035497,2.186005125,3.496339741,33.36236457,1.867922584,93.39612918,223
B7,28,1.585031324,4.238148202,29.23764162,2.127896928,3.511796449,34.45527513,1.852657258,92.63286289,222
B7,29,1.320416996,4.202397525,26.6881401,2.060792502,3.683200396,30.68825843,1.853010649,92.65053246,221
B7,30,1.463147703,4.255105705,25.28330076,1.973543393,3.408649064,34.48829341,1.854425861,92.72129304,220
B7,31,1.511941864,4.187135447,28.01048668,1.997401683,3.633584701,31.86204254,1.852242818,92.61214089,219
B7,32,1.356513905,4.193839282,27.89142484,2.033128967,3.01850948,35.48971995,1.842433704,92.12168522,218
B7,33,1.595124578,4.215473959,25.13595054,1.9946453,3.160635038,38.13514789,1.839608757,91.98043787,217
B7,34,1.445281151,4.223904409,26.41388037,2.098226604,3.941982662,34.07192935,1.827438713,91.37193566,216
B7,35,1.519372631,4.179326528,24.8596098,2.082722418,4.098280766,33.23781188,1.823280551,91.16402754,215
B7,36,1.53916389,4.275583158,28.84008043,2.104699233,3.371226319,32.63657483,1.820072587,91.00362934,214
B7,37,1.189892081,4.229463526,24.08488577,2.074709209,2.897249745,38.38872141,1.823756852,91.18784262,213
B7,38,1.286315717,4.156788408,26.01436096,2.004437688,3.406249092,29.91477427,1.816777483,90.83887414,212
B7,39,1.342240981,4.295745596,26.66685946,2.200693556,3.270669495,31.82641706,1.804744858,90.2372429,211
B7,40,1.436271457,4.147291659,28.86013336,2.018207179,4.162998045,33.43773866,1.800633989,90.03169945,210
B7,41,1.40091484,4.16601628,28.60763728,2.051960519,3.509689804,31.86528233,1.796014291,89.80071453,209
B7,42,1.315456079,4.172858345,27.03230213,2.02918126,3.617936379,33.99657897,1.789703589,89.48517945,208
B7,43,1.450140155,4.221910782,24.48283203,1.857412416,3.766953351,30.65122561,1.784669419,89.23347095,207
B7,44,1.237972494,4.202641822,26.67551908,1.935014447,3.368416232,32.98645274,1.772895013,88.64475065,206
B7,45,1.354580903,4.215812053,26.51506812,2.078856276,3.786175031,33.63368977,1.764417799,88.22088995,205
B7,46,1.441693656,4.156213028,26.4454144,1.992423814,3.627633055,33.49331981,1.77221306,88.61065299,204
B7,47,1.313416243,4.221614912,26.48418234,1.957906307,3.93773515,36.79327345,1.773302518,88.66512588,203
B7,48,1.438098042,4.148373402,24.52746934,1.894867078,3.403247459,31.51171557,1.763613076,88.18065382,202
B7,49,1.639711687,4.255026905,28.49985697,2.017126305,3.762837848,33.41798119,1.757483422,87.8741711,201
B7,50,1.473994132,4.171094494,25.63717884,1.8429403,2.733257939,34.48835595,1.73908434,86.95421699,200
B7,51,1.380955212,4.170400619,27.47421235,2.040495862,3.684028106,32.97086787,1.744446891,87.22234454,199
B7,52,1.345657449,4.214472098,24.36451212,2.061716031,4.363548118,32.46585362,1.722830572,86.14152858,198
B7,53,1.255462826,4.179819326,30.03468087,2.242530456,3.460461303,27.79561127,1.735892069,86.79460344,197
B7,54,1.439078688,4.186297516,27.43263777,2.069030595,3.744232298,35.74432216,1.728295231,86.41476154,196
B7,55,1.320340654,4.249176541,27.27108495,2.136325289,3.275873879,37.13866349,1.723296311,86.16481553,195
B7,56,1.384930825,4.190666034,25.34773839,2.066735597,3.262838773,33.48810176,1.721706484,86.08532421,194
B7,57,1.417177131,4.186459647,25.67104615,1.858762716,3.650651222,31.90172491,1.715486243,85.77431216,193
B7,58,1.327776554,4.196907585,26.03935662,1.928488557,3.487877645,31.58600206,1.712101979,85.60509896,192
B7,59,1.253122271,4.171452657,24.29041822,2.030077579,3.568260307,34.23224612,1.697342196,84.86710982,191
B7,60,1.411656846,4.181815714,26.64788164,2.06606811,3.47071834,33.57046875,1.709328109,85.46640547,190
B7,61,1.501967575,4.27102827,24.36735938,1.909131491,3.678965902,32.13183259,1.695820912,84.79104559,189
B7,62,1.281004816,4.208000166,28.88672074,2.060972404,3.202106822,33.48634668,1.682802861,84.14014306,188
B7,63,1.548500007,4.254433763,27.24890118,1.973337435,3.330349147,32.78072796,1.679907851,83.99539257,187
B7,64,1.403557657,4.235000138,27.24860244,1.791381421,3.209047776,29.55698479,1.680036013,84.00180067,186
B7,65,1.469737564,4.087560029,29.91889264,1.960511378,3.770968382,28.88671179,1.675612503,83.78062515,185
B7,66,1.518571891,4.195222454,24.39980613,2.011651526,3.75742434,35.44450185,1.669782573,83.48912863,184
B7,67,1.485841672,4.241616571,26.60310861,1.944028857,3.68326328,29.94490028,1.667815219,83.39076096,183
B7,68,1.452393705,4.261458026,25.68122856,1.848563362,3.120104729,34.48487849,1.655072921,82.75364606,182
B7,69,1.410207263,4.218256184,27.13222394,2.065354948,3.056950583,31.04548549,1.655921246,82.79606232,181
B7,70,1.413422034,4.257056875,24.70100467,1.994573342,3.599033948,33.65072094,1.64045696,82.022848,180
B7,71,1.393864921,4.2519824,24.80440995,1.982984135,3.167613563,34.41530007,1.642996512,82.14982558,179
B7,72,1.406433767,4.205395259,27.06247854,1.806223892,3.89901265,32.80124786,1.634479472,81.7239736,178
B7,73,1.428247218,4.250933749,28.31489954,1.849096432,3.660987987,32.02649478,1.630326757,81.51633785,177
B7,74,1.524552184,4.217474219,25.5003944,2.113813342,3.539324063,32.74263621,1.636577235,81.82886174,176
B7,75,1.327729271,4.208913118,25.62827872,2.048485232,3.340400165,32.15837157,1.630211242,81.51056209,175
B7,76,1.372939642,4.262005422,27.627731,2.019895986,3.434323236,31.56127994,1.629279462,81.4639731,174
B7,77,1.438308802,4.179929539,28.13689668,1.959666676,3.298673349,36.57613736,1.611065504,80.55327522,173
B7,78,1.406901391,4.065659503,25.28815337,1.984308129,3.375209949,33.06577022,1.604326701,80.21633507,172
B7,79,1.335130203,4.238818291,29.22774858,1.967389843,3.448694824,35.56787767,1.601596144,80.07980721,171
B7,80,1.459909679,4.259640422,27.09415993,1.938200717,3.515445414,32.99079561,1.602101319,80.10506593,170
B7,81,1.357628948,4.225128885,28.21978919,1.948259925,3.276237099,33.26924715,1.594659159,79.73295797,169
B7,82,1.450262042,4.1632185,24.34835324,2.126227864,4.275893977,35.97418385,1.596512927,79.82564633,168
B7,83,1.379081085,4.173034498,25.77839405,2.045392398,3.482334492,34.30614665,1.591159205,79.55796026,167
B7,84,1.208973244,4.230663594,27.9010088,2.051233528,3.972955921,33.80643517,1.580500868,79.0250434,166
B7,85,1.288164543,4.227507631,25.72305319,2.151049734,3.844019908,35.00478392,1.570760037,78.53800186,165
B7,86,1.440301523,4.199653263,27.26495668,1.922318284,4.347769091,35.16446778,1.569866159,78.49330795,164
B7,87,1.556619121,4.181542054,26.09677769,1.855907613,3.7234795,32.3698392,1.566081045,78.30405226,163
B7,88,1.564430287,4.289279868,26.3554887,2.056609832,3.665534022,33.80780847,1.553005139,77.65025694,162
B7,89,1.512587627,4.250998544,27.671901,2.066479434,3.395399529,34.10761261,1.552772023,77.63860116,161
B7,90,1.313429665,4.195835371,26.88918583,1.889459244,3.718395258,33.87159464,1.548624708,77.4312354,160
B7,91,1.399613857,4.159010515,26.26473342,1.950225299,2.966075951,33.09883278,1.54393722,77.19686098,159
B7,92,1.375787836,4.234340671,27.43985663,1.954053683,3.729678599,35.57923035,1.541706515,77.08532573,158
B7,93,1.47701116,4.207921351,25.61170325,2.066976555,3.220310596,33.19357293,1.527873699,76.39368495,157
B7,94,1.5397104,4.319244557,26.20958029,1.971585104,3.41518785,32.52365614,1.536577033,76.82885163,156
B7,95,1.256485123,4.161102111,26.13514021,1.928526251,3.191198622,34.74615321,1.533422434,76.67112172,155
B7,96,1.314949324,4.249671285,28.83691397,1.977164264,3.541684425,34.17296257,1.525763777,76.28818884,154
B7,97,1.747515248,4.170780134,29.1844228,1.959652714,3.002894373,30.00085765,1.514045351,75.70226754,153
B7,98,1.221046859,4.154392944,25.82853276,2.173351838,3.954302809,32.35695734,1.512939958,75.64699792,152
B7,99,1.373937405,4.22593908,28.16558948,2.159032521,3.125822773,32.52034047,1.50997208,75.49860399,151
B7,100,1.247920905,4.255286474,26.71467649,2.040129073,3.360986737,32.55239155,1.503927479,75.19637393,150
B7,101,1.283689135,4.127737332,25.03021759,1.942508721,3.792225662,33.53539552,1.50038502,75.01925102,149
B7,102,1.321394153,4.248466275,29.30275848,1.875930611,3.747249508,33.81968122,1.501173112,75.0586556,148
B7,103,1.443878999,4.194009148,25.61788564,1.931869776,3.226751471,36.56124434,1.489611886,74.48059431,147
B7,104,1.557623948,4.24737975,25.73439706,2.02248681,3.523066432,29.05046958,1.48513638,74.25681902,146
B7,105,1.378991365,4.177415697,30.23364297,2.178388941,3.408244229,34.54438478,1.474499024,73.7249512,145
B7,106,1.384487498,4.199214038,24.38986042,2.270462777,3.270831415,30.23083275,1.470138915,73.50694574,144
B7,107,1.238003581,4.282705003,27.99208034,1.987492932,3.505038166,31.79867713,1.460971469,73.04857344,143
B7,108,1.396542049,4.191790697,28.22005718,2.000335336,3.57007507,30.29996197,1.457723018,72.88615092,142
B7,109,1.385105247,4.284755095,25.07371217,2.101640316,3.328393494,32.81696871,1.462628523,73.13142614,141
B7,110,1.431325295,4.199377275,26.49839219,1.870817452,3.871302189,29.1782656,1.455404503,72.77022514,140
B7,111,1.316840258,4.148580725,26.33785955,2.098590216,3.001362271,33.97432795,1.450894067,72.54470333,139
B7,112,1.42368739,4.320581621,28.10105363,1.983183141,3.522421426,33.96349772,1.434583922,71.72919608,138
B7,113,1.380647982,4.236082836,26.8596626,2.007035868,4.017799715,34.33256629,1.443621601,72.18108004,137
B7,114,1.490832193,4.159127739,26.86711467,2.036195627,3.572008805,35.31104172,1.423997318,71.1998659,136
B7,115,1.219654925,4.26904357,25.22885158,1.889867494,3.313728785,30.69520906,1.426916422,71.3458211,135
B7,116,1.385763286,4.2148745,24.08687092,2.00579382,3.449798688,34.01077514,1.428576538,71.42882689,134
B7,117,1.581407126,4.141235729,26.84075704,2.208176246,3.47713491,34.18183637,1.412772523,70.63862614,133
B7,118,1.518375043,4.261438152,26.41927268,1.997776283,3.72591318,35.15516629,1.410373114,70.51865569,132
B7,119,1.485605724,4.191920075,26.00155549,2.01471117,3.34294346,29.06446076,1.413118426,70.6559213,131
B7,120,1.294196454,4.202113939,27.67091359,1.996846373,3.331439184,36.40121137,1.401347558,70.0673779,130
B7,121,1.414730815,4.213479863,25.80532019,2.092740358,3.758433454,29.69244394,1.39857219,69.92860948,129
B7,122,1.379386878,4.132674491,26.35078473,1.990382803,3.237180466,35.11424879,1.387308486,69.3654243,128
B7,123,1.273210222,4.187337979,30.02934018,1.880094912,3.535054241,35.82437059,1.383104847,69.15524236,127
B7,124,1.439517576,4.241535653,25.6171229,1.95870986,3.175909006,33.90733017,1.386146453,69.30732263,126
B7,125,1.432278964,4.155500642,27.77965355,2.020214836,3.352361472,33.04390666,1.379759764,68.98798821,125
B7,126,1.34175793,4.113744488,26.52523627,2.039855314,3.165158814,32.12247039,1.370722196,68.53610982,124
B7,127,1.621736019,4.211801136,24.53839553,2.00164101,3.79465179,32.6020966,1.36152722,68.076361,123
B7,128,1.307492282,4.222278751,26.65388675,1.987625623,3.683287385,33.31596787,1.358048701,67.90243503,122
B7,129,1.267870812,4.229145873,24.51251383,2.347001745,3.067410928,36.19828442,1.34817026,67.408513,121
B7,130,1.267344019,4.203846347,27.91612643,2.020621986,3.739319564,32.72844206,1.354811897,67.74059483,120
B7,131,1.303028039,4.167654942,27.39547673,2.00596879,3.782317829,29.74069138,1.337320305,66.86601527,119
B7,132,1.339558284,4.206987735,26.44509183,2.095995768,3.371998809,34.54939286,1.339584438,66.97922189,118
B7,133,1.323900329,4.240235107,27.07000973,1.982551317,3.467601554,35.749102,1.328001322,66.40006611,117
B7,134,1.517891188,4.261762323,26.39374806,2.063188197,3.472240358,34.72662432,1.331018221,66.55091107,116
B7,135,1.483857819,4.168561349,29.46081935,1.86617383,3.867308232,32.3449557,1.32674725,66.33736251,115
B7,136,1.360676992,4.236735758,25.53478217,2.021846106,2.923273045,34.46724376,1.323478912,66.17394562,114
B7,137,1.474795054,4.274779497,28.74880217,2.160242315,2.715588822,34.72175487,1.314429937,65.72149684,113
B7,138,1.18912985,4.215464337,26.33053123,1.951121334,3.087583065,34.33266584,1.319757321,65.98786607,112
B7,139,1.365468001,4.225623146,25.59700633,1.958287886,3.496069435,33.72353194,1.301268407,65.06342034,111
B7,140,1.408570386,4.129146798,29.03370204,1.837916185,3.337058677,32.22423186,1.301971351,65.09856753,110
B7,141,1.424098876,4.296924674,25.79716034,1.8901985,4.261805407,28.64920342,1.305932924,65.29664618,109
B7,142,1.415689732,4.212140583,28.57709386,1.91161846,3.672975987,33.90389829,1.290957996,64.5478998,108
B7,143,1.311744411,4.245791653,26.07120407,2.034239519,3.017507669,31.20712275,1.289982275,64.49911375,107
B7,144,1.410153325,4.161320767,26.66800548,2.012936988,3.175949422,31.87405921,1.279405887,63.97029433,106
B7,145,1.164634347,4.145761222,25.2480441,2.017470195,3.410513023,34.4989078,1.271573302,63.57866512,105
B7,146,1.410720435,4.152306139,25.08882556,2.13429741,3.795833982,32.38060679,1.262238494,63.11192468,104
B7,147,1.409928412,4.13413472,25.19300813,2.005471101,3.06797028,37.36914475,1.268811917,63.44059585,103
B7,148,1.292964219,4.093283679,25.82378141,1.86808454,3.538906266,31.51671209,1.26619296,63.30964798,102
B7,149,1.306259255,4.28465281,29.92153611,1.870740557,3.828159324,32.05496324,1.2548424,62.74211998,101
B7,150,1.312571753,4.111007389,27.24052483,2.069696417,3.864793554,33.57977094,1.252523852,62.62619262,100
B7,151,1.338546671,4.295449226,25.3482353,1.783857548,3.994618923,31.66900372,1.245306946,62.26534729,99
B7,152,1.398133959,4.17123782,26.12514479,1.92014068,3.729202199,33.88188138,1.243408132,62.1704066,98
B7,153,1.464732379,4.21837662,26.83096201,2.049791368,3.736526921,33.94767668,1.2323403,61.61701498,97
B7,154,1.466746289,4.187500181,25.82043109,1.962907682,3.176138452,32.66737463,1.227529378,61.3764689,96
B7,155,1.453959872,4.219566604,25.54769047,2.265643552,3.538789317,32.76205178,1.228385062,61.41925308,95
B7,156,1.477960544,4.199913403,28.98229911,2.11149454,3.103399861,36.30468559,1.217760999,60.88804994,94
B7,157,1.374139878,4.205343797,27.18265427,1.927416508,3.910933641,31.15087991,1.216865096,60.84325481,93
B7,158,1.410055015,4.229429905,28.93092118,2.191648151,3.685827944,32.37592976,1.203278747,60.16393735,92
B7,159,1.562332562,4.299237028,26.68585398,2.044747266,3.492439927,34.21334607,1.206364936,60.31824681,91
B7,160,1.253821501,4.130696399,26.94703419,1.851037126,2.983069044,33.61678217,1.19254947,59.62747348,90
B7,161,1.298902841,4.159497174,26.9520138,1.98080122,3.015369455,33.63763385,1.190736457,59.53682287,89
B7,162,1.44502276,4.211494669,28.59935955,2.013871364,3.55055999,32.61892004,1.196180791,59.80903957,88
B7,163,1.461833794,4.277850512,27.32646323,1.998808017,3.8438989,32.79744751,1.183905844,59.19529221,87
B7,164,1.248685186,4.273626857,24.0684799,1.863351236,3.177997128,32.26038899,1.175999654,58.79998271,86
B7,165,1.398594771,4.207210253,28.83244858,2.044842005,3.131111731,32.96827109,1.178102374,58.90511868,85
B7,166,1.544940357,4.199308069,24.70661316,1.997953833,3.422269547,33.89458831,1.165130005,58.25650024,84
B7,167,1.423242972,4.170199249,27.05707227,1.829320316,3.544660578,31.85139629,1.164678648,58.2339324,83
B7,168,1.426535775,4.21407379,27.22684295,1.987572779,3.81146497,31.61079983,1.16094509,58.04725448,82
B7,169,1.363921522,4.198403127,24.96454471,1.922391075,3.903688283,32.0911957,1.149285801,57.46429005,81
B7,170,1.425365037,4.245504588,28.59875707,2.128000068,4.160586361,30.98326259,1.146345473,57.31727363,80
B7,171,1.3550116,4.247995294,29.07428483,1.930985365,3.675502493,34.81345616,1.147651933,57.38259667,79
B7,172,1.276592447,4.191796231,25.37222078,1.914121751,3.391886312,33.24047087,1.144503059,57.22515293,78
B7,173,1.418085726,4.135494048,28.59779315,1.989655132,3.871291026,33.52941914,1.136706768,56.83533842,77
B7,174,1.373388289,4.1998146,24.58419122,1.988715224,3.30502094,32.34822488,1.129920819,56.49604097,76
B7,175,1.322379317,4.213251105,26.99608859,2.048385431,3.509518597,33.27341658,1.124134346,56.20671729,75
B7,176,1.590815822,4.213705668,26.15800896,1.888791405,3.241182648,32.22366306,1.116873675,55.84368377,74
B7,177,1.490865015,4.183334293,25.8662244,1.987082812,3.683011989,28.85011985,1.11357794,55.67889702,73
B7,178,1.628355809,4.164843597,28.50130519,1.906343228,4.138894,31.93291824,1.112640779,55.63203894,72
B7,179,1.50605566,4.117575682,25.85733441,2.203876895,3.41400129,33.80244034,1.102666629,55.13333143,71
B7,180,1.424952683,4.192396417,24.87383189,2.045582595,3.460828396,33.39232122,1.106620376,55.33101881,70
B7,181,1.345191602,4.147557745,24.08910155,1.91112369,3.504278231,36.10380243,1.095622231,54.78111157,69
B7,182,1.381903631,4.168396904,26.14555878,1.938541935,3.439918148,33.36678699,1.081620866,54.08104329,68
B7,183,1.354722522,4.264641975,27.4254298,2.00756998,3.65456084,33.79428312,1.086878123,54.34390614,67
B7,184,1.439996917,4.160673701,27.63539593,2.1148339,3.379748319,34.80466475,1.079840993,53.99204963,66
B7,185,1.363115752,4.224088573,25.59107807,1.896305447,3.888350517,31.47184996,1.079639013,53.98195065,65
B7,186,1.249959995,4.26656211,27.00085383,1.920705416,3.438711507,33.26753331,1.069131867,53.45659337,64
B7,187,1.149269962,4.1876284,27.5420666,2.111114001,3.199443521,31.01472559,1.066927551,53.34637755,63
B7,188,1.263995154,4.166479445,27.32645096,2.096273042,3.610188873,32.09417817,1.063094089,53.15470445,62
B7,189,1.309640778,4.190031593,27.27740966,2.010374636,3.313613594,33.47682004,1.057519506,52.8759753,61
B7,190,1.39932228,4.130676334,26.76585504,1.988803201,3.401462022,35.66686761,1.039812047,51.99060237,60
B7,191,1.374185653,4.150701591,29.41251747,1.969751794,3.277703646,34.32683086,1.043545801,52.17729006,59
B7,192,1.422190415,4.226300812,29.6844795,1.967777482,3.867722995,32.21229515,1.036904746,51.84523732,58
B7,193,1.268606359,4.220072129,27.38811574,2.065212146,3.87874037,33.6221824,1.03199708,51.59985402,57
B7,194,1.553846528,4.138900147,27.58399545,2.067521483,3.769394129,35.00342276,1.032448134,51.62240672,56
B7,195,1.360949058,4.184593069,25.96574209,1.99607441,3.63043894,30.66863236,1.027255297,51.36276486,55
B7,196,1.367896063,4.207345373,27.30749612,2.154419207,3.31039251,30.90981554,1.010597738,50.52988692,54
B7,197,1.411436087,4.22457525,23.82254155,2.139416208,2.814722403,33.99063721,1.01104773,50.5523865,53
B7,198,1.479103844,4.234173782,24.55446414,1.991995906,3.399664251,34.0394557,1.003511941,50.17559707,52
B7,199,1.475647511,4.178779844,26.92950914,2.031787749,3.814652802,32.19863268,0.993985009,49.69925043,51
B7,200,1.361167731,4.226830571,26.58418138,2.156293995,3.19991296,32.61914591,1.002385309,50.11926543,50
B7,201,1.348201731,4.153433756,26.06431401,2.008182502,3.517348388,34.83557131,0.99551706,49.775853,49
B7,202,1.477854665,4.234804986,25.6203838,2.078602623,3.406711855,33.27945044,0.980652076,49.03260379,48
B7,203,1.503470487,4.241107106,27.06050032,2.051252922,3.25680299,34.45337594,0.975392443,48.76962215,47
B7,204,1.36513212,4.143976492,25.74604978,2.024068865,3.365401802,34.03140801,0.985353374,49.26766871,46
B7,205,1.488042238,4.240482474,28.85616019,1.98313887,3.869343573,29.88533864,0.97426826,48.71341301,45
B7,206,1.363361806,4.157046995,29.19267962,2.087935414,3.1399175,33.38715797,0.967584586,48.3792293,44
B7,207,1.476002189,4.209222416,28.1137328,2.210053192,3.468165546,33.46466621,0.966221923,48.31109613,43
B7,208,1.338585458,4.202111882,26.85298259,2.168151569,3.302802998,32.48016307,0.960097114,48.00485571,42
B7,209,1.307832896,4.136976602,28.05435928,1.974258538,3.015177302,33.08458249,0.951000467,47.55002335,41
B7,210,1.271569159,4.300268487,27.49365778,2.033047342,3.493263901,30.6515542,0.955472578,47.77362888,40
B7,211,1.51133261,4.263895664,28.7472688,1.831105477,3.244996222,31.99219788,0.929325393,46.46626966,39
B7,212,1.398743885,4.190636516,26.13499486,1.956741996,3.479514488,28.90971765,0.947702657,47.38513285,38
B7,213,1.689601758,4.227084399,24.75482301,1.933855325,3.03831233,32.0816576,0.929613922,46.48069611,37
B7,214,1.207538064,4.193392047,29.47980245,2.085163802,3.791789544,33.8875733,0.926767292,46.33836458,36
B7,215,1.442324746,4.222444476,25.83212477,1.922813798,3.05522886,30.72274916,0.91964371,45.98218552,35
B7,216,1.34637794,4.274272332,26.87147918,2.119132909,3.776491138,33.66414989,0.923677357,46.18386787,34
B7,217,1.432838139,4.201571733,28.00080834,2.02084728,3.383421,30.30133559,0.911746071,45.58730356,33
B7,218,1.649348432,4.230623783,28.02653886,1.982329636,3.339378488,32.62005069,0.902223145,45.11115723,32
B7,219,1.383325695,4.275442608,27.13007966,1.939602528,3.747368276,36.08037778,0.901191702,45.05958508,31
B7,220,1.460493142,4.211612052,26.49690053,2.073506437,3.860272604,33.17343928,0.906609245,45.33046227,30
B7,221,1.278295883,4.210751091,28.50867677,2.111763145,3.755189627,33.31562515,0.888271974,44.41359868,29
B7,222,1.191558943,4.266615811,26.41096686,2.246607352,3.151917392,33.40063548,0.896496404,44.82482022,28
B7,223,1.480024314,4.146076839,27.79744097,1.870324004,3.512687444,30.55880681,0.882783464,44.13917321,27
B7,224,1.470497145,4.160528248,28.39758463,1.887553524,3.943735547,37.44553758,0.887045712,44.3522856,26
B7,225,1.259369427,4.157087714,26.54530019,1.989279325,3.035064572,33.49074143,0.872285789,43.61428945,25
B7,226,1.563500681,4.128924085,29.9684017,2.134243066,3.167248469,33.93770045,0.87276238,43.63811898,24
B7,227,1.60947804,4.258626475,26.93196727,1.925170021,3.567611649,32.84466946,0.865920526,43.29602632,23
B7,228,1.278724094,4.205483763,29.02509728,2.194286856,3.367142166,32.32694892,0.853348348,42.66741742,22
B7,229,1.497437509,4.153963917,27.13486295,2.071452388,4.163672721,32.49891479,0.852714509,42.63572544,21
B7,230,1.493549046,4.190265593,26.48757279,1.960759451,3.494465723,33.2864186,0.849883003,42.49415014,20
B7,231,1.503051772,4.192069954,26.39649781,1.938350956,3.48020408,34.61113163,0.851527187,42.57635935,19
B7,232,1.5130045,4.172080684,29.28778285,2.130337279,3.617991071,33.74815347,0.840151506,42.00757528,18
B7,233,1.308018045,4.234784208,26.48711586,1.995229162,3.121925233,32.38283514,0.834262599,41.71312995,17
B7,234,1.385695969,4.192865445,25.03795162,2.133964277,3.293518073,35.4394929,0.820699673,41.03498367,16
B7,235,1.570823227,4.252458721,28.28197746,1.857084814,3.120903129,35.05317742,0.826167415,41.30837077,15
B7,236,1.515581411,4.23418706,27.11875084,2.025275929,2.930216699,33.27131644,0.816360054,40.81800272,14
B7,237,1.376235453,4.263777531,29.18709681,2.021492793,3.494097308,35.63374915,0.815026922,40.75134609,13
B7,238,1.235708859,4.158399401,27.05175302,2.108134545,3.708897098,32.88700343,0.810504858,40.52524292,12
B7,239,1.363471832,4.18932624,26.21076839,1.944830812,3.751192296,31.49929835,0.808338669,40.41693346,11
B7,240,1.36797,4.267631923,28.56909151,2.02056502,3.653665144,32.26030047,0.805184472,40.2592236,10
B7,241,1.577704331,4.258776432,28.29508155,2.140850568,3.728271438,35.10151285,0.79226349,39.61317451,9
B7,242,1.329218104,4.205532497,29.5858205,2.104947551,3.33508325,32.49440934,0.7961013,39.80506498,8
B7,243,1.572524514,4.286953512,27.75413733,2.011199033,3.609912929,36.48925554,0.788137364,39.4068682,7
B7,244,1.356125467,4.121661788,26.65130638,1.891434308,4.066169088,32.3668496,0.780847759,39.04238794,6
B7,245,1.302121018,4.178946404,25.09250344,2.104328853,3.684017947,32.70204761,0.77830867,38.9154335,5
B7,246,1.381406126,4.210230508,25.51087691,2.037612044,3.298042336,34.28170588,0.76197044,38.09852202,4
B7,247,1.428183271,4.209903079,28.08014516,1.972805447,3.698308514,30.89851634,0.765902765,38.29513825,3
B7,248,1.345409707,4.21425603,29.09846323,1.967715592,3.942091022,30.82839716,0.762010116,38.10050581,2
B7,249,1.407449781,4.18459454,26.73602518,1.979535141,3.025645699,32.3032203,0.757443861,37.87219304,1
B7,250,1.406367569,4.18632172,28.72612968,1.886375285,3.424951608,33.98858801,0.750971864,37.54859322,0
